Region,City,Latitude,Longitude
Tunisia,Ariana,36.8758,10.1986
Tunisia,Ben Arous,36.7545,10.2217
Tunisia,Bizerte,37.2744,9.8739
Tunisia,Béja,36.7256,9.1817
Tunisia,Gabès,33.8815,10.0982
Tunisia,Gafsa,34.4250,8.7842
Tunisia,Jendouba,36.5011,8.7802
Tunisia,Kairouan,35.6781,10.0963
Tunisia,Kasserine,35.1676,8.8365
Tunisia,Kebili,33.7044,8.9690
Tunisia,Kef,37.2688,9.5430
Tunisia,Mahdia,35.5047,11.0622
Tunisia,Manouba,36.8101,10.0956
Tunisia,Medenine,33.3550,10.5055
Tunisia,Monastir,35.7780,10.8262
Tunisia,Nabeul,36.4561,10.7376
Tunisia,Sfax,34.7406,10.7603
Tunisia,Sidi Bouzid,35.0382,9.4849
Tunisia,Siliana,36.0850,9.3708
Tunisia,Sousse,35.8254,10.6370
Tunisia,Tataouine,32.9297,10.4518
Tunisia,Tozeur,33.9197,8.1335
Tunisia,Tunis,36.8190,10.1658
Tunisia,Zaghouan,36.4029,10.1429
Karnataka,Bagalkot,16.1867,75.6961
Karnataka,Ballari,15.1420,76.9240
Karnataka,Belagavi,15.8521,74.5045
Karnataka,Bengaluru,12.9719,77.5937
Karnataka,Bhadravati,13.8485,75.7050
Karnataka,Bidar,17.9080,77.5152
Karnataka,Chamarajanagar,11.9231,76.9395
Karnataka,Chikkaballapur,13.4355,77.7315
Karnataka,Chikkamagaluru,13.3223,75.7740
Karnataka,Chitradurga,14.2226,76.4004
Karnataka,Davanagere,14.4644,75.9218
Karnataka,Dharwad,15.4601,75.0078
Karnataka,Gadag,15.4298,75.6297
Karnataka,Hassan,13.0071,76.0962
Karnataka,Haveri,14.7935,75.4045
Karnataka,Hospet,16.2887,77.3004
Karnataka,Hubballi,15.3478,75.1338
Karnataka,Kalaburagi,17.3358,76.8376
Karnataka,Karwar,14.8136,74.1297
Karnataka,Kolar,13.1377,78.1300
Karnataka,Koppal,15.3452,76.1548
Karnataka,Madikeri,12.4260,75.7382
Karnataka,Mandya,12.5223,76.8975
Karnataka,Mangaluru,12.9172,74.8560
Karnataka,Mysuru,12.2979,76.6393
Karnataka,Raichur,16.2055,77.3557
Karnataka,Ramanagara,17.0047,80.7108
Karnataka,Shivamogga,13.9316,75.5679
Karnataka,Sirsi,14.6207,74.8355
Karnataka,Tumakuru,13.3414,77.1022
Karnataka,Udupi,13.3347,74.7462
Karnataka,Vijayapura,16.8302,75.7100
Karnataka,Yadgir,16.7701,77.1376
Maharashtra,Ahmednagar,23.5989,72.9660
Maharashtra,Akola,20.7096,76.9981
Maharashtra,Amravati,20.9333,77.7500
Maharashtra,Aurangabad,19.8776,75.3423
Maharashtra,Beed,18.9892,75.7563
Maharashtra,Bhandara,21.1682,79.6488
Maharashtra,Buldhana,20.5333,76.1833
Maharashtra,Chandrapur,19.9508,79.2952
Maharashtra,Dhule,20.9013,74.7774
Maharashtra,Gadchiroli,20.1806,80.0052
Maharashtra,Gondia,21.4603,80.1920
Maharashtra,Hingoli,19.7146,77.1424
Maharashtra,Jalgaon,21.0029,75.5660
Maharashtra,Jalna,19.8410,75.8864
Maharashtra,Kolhapur,16.6956,74.2317
Maharashtra,Latur,18.3972,76.5678
Maharashtra,Mumbai,19.0728,72.8826
Maharashtra,Nagpur,21.1463,79.0849
Maharashtra,Nanded,19.1602,77.3150
Maharashtra,Nandurbar,21.3667,74.2405
Maharashtra,Nashik,19.9973,73.7910
Maharashtra,Navi Mumbai,19.0368,73.0158
Maharashtra,Osmanabad,18.2799,76.0563
Maharashtra,Palghar,19.6969,72.7654
Maharashtra,Parbhani,19.2686,76.7708
Maharashtra,Pune,18.5196,73.8554
Maharashtra,Raigad,18.5158,73.1822
Maharashtra,Ratnagiri,16.9915,73.3102
Maharashtra,Sangli,16.8544,74.5642
Maharashtra,Satara,17.6859,73.9933
Maharashtra,Sindhudurg,15.9989,73.5347
Maharashtra,Solapur,17.6715,75.9104
Maharashtra,Thane,19.1970,72.9635
Maharashtra,Wardha,20.7393,78.5978
Maharashtra,Washim,20.1113,77.1330
Maharashtra,Yavatmal,20.3932,78.1320
